{
  "mappings": {
    "com/metropolize/mtz_companions/mixins/world/MixinWorldCarver": {
      "carveBlock": "Lnet/minecraft/world/level/levelgen/carver/WorldCarver;m_183633_(Lnet/minecraft/world/level/levelgen/carver/CarvingContext;Lnet/minecraft/world/level/levelgen/carver/CarverConfiguration;Lnet/minecraft/world/level/chunk/ChunkAccess;Ljava/util/function/Function;Lnet/minecraft/world/level/chunk/CarvingMask;Lnet/minecraft/core/BlockPos$MutableBlockPos;Lnet/minecraft/core/BlockPos$MutableBlockPos;Lnet/minecraft/world/level/levelgen/Aquifer;Lorg/apache/commons/lang3/mutable/MutableBoolean;)Z"
    },
    "com/metropolize/mtz_companions/mixins/world/MixinChunkSerializer": {
      "read": "Lnet/minecraft/world/level/chunk/storage/ChunkSerializer;m_188230_(Lnet/minecraft/server/level/ServerLevel;Lnet/minecraft/world/entity/ai/village/poi/PoiManager;Lnet/minecraft/world/level/ChunkPos;Lnet/minecraft/nbt/CompoundTag;)Lnet/minecraft/world/level/chunk/ProtoChunk;",
      "write": "Lnet/minecraft/world/level/chunk/storage/ChunkSerializer;m_63454_(Lnet/minecraft/server/level/ServerLevel;Lnet/minecraft/world/level/chunk/ChunkAccess;)Lnet/minecraft/nbt/CompoundTag;"
    },
    "com/metropolize/mtz_companions/mixins/world/MixinLevelChunk": {
      "<init>(Lnet/minecraft/server/level/ServerLevel;Lnet/minecraft/world/level/chunk/ProtoChunk;Lnet/minecraft/world/level/chunk/LevelChunk$PostLoadProcessor;)V": "Lnet/minecraft/world/level/chunk/LevelChunk;<init>(Lnet/minecraft/server/level/ServerLevel;Lnet/minecraft/world/level/chunk/ProtoChunk;Lnet/minecraft/world/level/chunk/LevelChunk$PostLoadProcessor;)V"
    },
    "com/metropolize/mtz_companions/mixins/commands/MixinClientSuggestionProvider": {
      "getOnlinePlayerNames": "Lnet/minecraft/client/multiplayer/ClientSuggestionProvider;m_5982_()Ljava/util/Collection;"
    },
    "com/metropolize/mtz_companions/mixins/MixinPlayer": {
      "Lnet/minecraft/world/entity/Entity;hurtMarked:Z": "Lnet/minecraft/world/entity/Entity;f_19864_:Z",
      "attack": "Lnet/minecraft/world/entity/player/Player;m_5706_(Lnet/minecraft/world/entity/Entity;)V"
    },
    "com/metropolize/mtz_companions/mixins/MixinServerEntity": {
      "sendPairingData": "Lnet/minecraft/server/level/ServerEntity;m_289200_(Lnet/minecraft/server/level/ServerPlayer;Ljava/util/function/Consumer;)V"
    },
    "com/metropolize/mtz_companions/mixins/MixinLootTable": {
      "pools": "f_79109_:Ljava/util/List;"
    },
    "com/metropolize/mtz_companions/mixins/commands/MixinEntitySelector": {
      "findEntitiesRaw": "Lnet/minecraft/commands/arguments/selector/EntitySelector;m_245733_(Lnet/minecraft/commands/CommandSourceStack;)Ljava/util/List;",
      "Lnet/minecraft/commands/arguments/selector/EntitySelector;findPlayers(Lnet/minecraft/commands/CommandSourceStack;)Ljava/util/List;": "Lnet/minecraft/commands/arguments/selector/EntitySelector;m_121166_(Lnet/minecraft/commands/CommandSourceStack;)Ljava/util/List;"
    },
    "com/metropolize/mtz_companions/mixins/world/MixinAquiferFluidStatus": {
      "computeFluid": "Lnet/minecraft/world/level/levelgen/Aquifer$NoiseBasedAquifer;m_188447_(III)Lnet/minecraft/world/level/levelgen/Aquifer$FluidStatus;"
    },
    "com/metropolize/mtz_companions/mixins/MixinSleepStatus": {
      "update": "Lnet/minecraft/server/players/SleepStatus;m_144007_(Ljava/util/List;)Z",
      "Lnet/minecraft/server/players/SleepStatus;activePlayers:I": "Lnet/minecraft/server/players/SleepStatus;f_143998_:I"
    },
    "com/metropolize/mtz_companions/mixins/MixinDistanceManager": {
      "addPlayer": "Lnet/minecraft/server/level/DistanceManager;m_140802_(Lnet/minecraft/core/SectionPos;Lnet/minecraft/server/level/ServerPlayer;)V",
      "Lnet/minecraft/server/level/TickingTracker;addTicket(Lnet/minecraft/server/level/TicketType;Lnet/minecraft/world/level/ChunkPos;ILjava/lang/Object;)V": "Lnet/minecraft/server/level/TickingTracker;m_184154_(Lnet/minecraft/server/level/TicketType;Lnet/minecraft/world/level/ChunkPos;ILjava/lang/Object;)V"
    },
    "com/metropolize/mtz_companions/mixins/MixinLivingEntityRenderer": {
      "shouldShowName(Lnet/minecraft/world/entity/LivingEntity;)Z": "Lnet/minecraft/client/renderer/entity/LivingEntityRenderer;m_6512_(Lnet/minecraft/world/entity/LivingEntity;)Z"
    },
    "com/metropolize/mtz_companions/mixins/MixinDebugScreenOverlay": {
      "getSystemInformation": "Lnet/minecraft/client/gui/components/DebugScreenOverlay;m_94078_()Ljava/util/List;"
    }
  },
  "data": {
    "searge": {
      "com/metropolize/mtz_companions/mixins/world/MixinWorldCarver": {
        "carveBlock": "Lnet/minecraft/world/level/levelgen/carver/WorldCarver;m_183633_(Lnet/minecraft/world/level/levelgen/carver/CarvingContext;Lnet/minecraft/world/level/levelgen/carver/CarverConfiguration;Lnet/minecraft/world/level/chunk/ChunkAccess;Ljava/util/function/Function;Lnet/minecraft/world/level/chunk/CarvingMask;Lnet/minecraft/core/BlockPos$MutableBlockPos;Lnet/minecraft/core/BlockPos$MutableBlockPos;Lnet/minecraft/world/level/levelgen/Aquifer;Lorg/apache/commons/lang3/mutable/MutableBoolean;)Z"
      },
      "com/metropolize/mtz_companions/mixins/world/MixinChunkSerializer": {
        "read": "Lnet/minecraft/world/level/chunk/storage/ChunkSerializer;m_188230_(Lnet/minecraft/server/level/ServerLevel;Lnet/minecraft/world/entity/ai/village/poi/PoiManager;Lnet/minecraft/world/level/ChunkPos;Lnet/minecraft/nbt/CompoundTag;)Lnet/minecraft/world/level/chunk/ProtoChunk;",
        "write": "Lnet/minecraft/world/level/chunk/storage/ChunkSerializer;m_63454_(Lnet/minecraft/server/level/ServerLevel;Lnet/minecraft/world/level/chunk/ChunkAccess;)Lnet/minecraft/nbt/CompoundTag;"
      },
      "com/metropolize/mtz_companions/mixins/world/MixinLevelChunk": {
        "<init>(Lnet/minecraft/server/level/ServerLevel;Lnet/minecraft/world/level/chunk/ProtoChunk;Lnet/minecraft/world/level/chunk/LevelChunk$PostLoadProcessor;)V": "Lnet/minecraft/world/level/chunk/LevelChunk;<init>(Lnet/minecraft/server/level/ServerLevel;Lnet/minecraft/world/level/chunk/ProtoChunk;Lnet/minecraft/world/level/chunk/LevelChunk$PostLoadProcessor;)V"
      },
      "com/metropolize/mtz_companions/mixins/commands/MixinClientSuggestionProvider": {
        "getOnlinePlayerNames": "Lnet/minecraft/client/multiplayer/ClientSuggestionProvider;m_5982_()Ljava/util/Collection;"
      },
      "com/metropolize/mtz_companions/mixins/MixinPlayer": {
        "Lnet/minecraft/world/entity/Entity;hurtMarked:Z": "Lnet/minecraft/world/entity/Entity;f_19864_:Z",
        "attack": "Lnet/minecraft/world/entity/player/Player;m_5706_(Lnet/minecraft/world/entity/Entity;)V"
      },
      "com/metropolize/mtz_companions/mixins/MixinServerEntity": {
        "sendPairingData": "Lnet/minecraft/server/level/ServerEntity;m_289200_(Lnet/minecraft/server/level/ServerPlayer;Ljava/util/function/Consumer;)V"
      },
      "com/metropolize/mtz_companions/mixins/MixinLootTable": {
        "pools": "f_79109_:Ljava/util/List;"
      },
      "com/metropolize/mtz_companions/mixins/commands/MixinEntitySelector": {
        "findEntitiesRaw": "Lnet/minecraft/commands/arguments/selector/EntitySelector;m_245733_(Lnet/minecraft/commands/CommandSourceStack;)Ljava/util/List;",
        "Lnet/minecraft/commands/arguments/selector/EntitySelector;findPlayers(Lnet/minecraft/commands/CommandSourceStack;)Ljava/util/List;": "Lnet/minecraft/commands/arguments/selector/EntitySelector;m_121166_(Lnet/minecraft/commands/CommandSourceStack;)Ljava/util/List;"
      },
      "com/metropolize/mtz_companions/mixins/world/MixinAquiferFluidStatus": {
        "computeFluid": "Lnet/minecraft/world/level/levelgen/Aquifer$NoiseBasedAquifer;m_188447_(III)Lnet/minecraft/world/level/levelgen/Aquifer$FluidStatus;"
      },
      "com/metropolize/mtz_companions/mixins/MixinSleepStatus": {
        "update": "Lnet/minecraft/server/players/SleepStatus;m_144007_(Ljava/util/List;)Z",
        "Lnet/minecraft/server/players/SleepStatus;activePlayers:I": "Lnet/minecraft/server/players/SleepStatus;f_143998_:I"
      },
      "com/metropolize/mtz_companions/mixins/MixinDistanceManager": {
        "addPlayer": "Lnet/minecraft/server/level/DistanceManager;m_140802_(Lnet/minecraft/core/SectionPos;Lnet/minecraft/server/level/ServerPlayer;)V",
        "Lnet/minecraft/server/level/TickingTracker;addTicket(Lnet/minecraft/server/level/TicketType;Lnet/minecraft/world/level/ChunkPos;ILjava/lang/Object;)V": "Lnet/minecraft/server/level/TickingTracker;m_184154_(Lnet/minecraft/server/level/TicketType;Lnet/minecraft/world/level/ChunkPos;ILjava/lang/Object;)V"
      },
      "com/metropolize/mtz_companions/mixins/MixinLivingEntityRenderer": {
        "shouldShowName(Lnet/minecraft/world/entity/LivingEntity;)Z": "Lnet/minecraft/client/renderer/entity/LivingEntityRenderer;m_6512_(Lnet/minecraft/world/entity/LivingEntity;)Z"
      },
      "com/metropolize/mtz_companions/mixins/MixinDebugScreenOverlay": {
        "getSystemInformation": "Lnet/minecraft/client/gui/components/DebugScreenOverlay;m_94078_()Ljava/util/List;"
      }
    }
  }
}