{
  "required": true,
  "package": "com.metropolize.mtz_companions.mixins",
  "compatibilityLevel": "JAVA_17",
  "refmap": "mixins.mtz_companions.refmap.json",
  "mixins": [
    "MixinAirBlock",
    "MixinDistanceManager",
    "MixinLevel",
    "MixinLootTable",
    "MixinPlayer",
    "MixinServerChunkCache",
    "MixinServerEntity",
    "MixinSleepStatus",
    "commands.MixinCommandSourceStack",
    "commands.MixinEntityArgument",
    "commands.MixinEntitySelector",
    "world.MixinAquiferFluidStatus",
    "world.MixinChunkAccess",
    "world.MixinChunkSerializer",
    "world.MixinLevelChunk",
    "world.MixinWorldCarver"
  ],
  "minVersion": "0.8",
  "client": [
    "MixinDebugScreenOverlay",
    "MixinLivingEntityRenderer",
    "commands.MixinClientCommandSourceStack",
    "commands.MixinClientSuggestionProvider"
  ]
}
